{
  "clips_failed": 0,
  "clips_requested": 1098,
  "clips_succeeded": 1098,
  "data_dir": "/media/rh/codes/sim/InterMask/data/retargeted_v2/generated_interhuman",
  "dataset_layout": "retargeted",
  "dataset_type": "retargeted",
  "device": "cuda:0",
  "failures": [],
  "imdy_checkpoint": "/media/rh/codes/sim/InterMask/prepare5/ImDy/downloaded_checkpoint/imdy_pretrain.pt",
  "imdy_config": "/media/rh/codes/sim/InterMask/prepare5/ImDy/config/IDFD_mkr.yml",
  "metrics": {
    "person1_contact_height_consistency": {
      "count": 1098,
      "max": 0.9225743203002551,
      "mean": 0.04608144800920398,
      "median": 0.04700528128222114,
      "min": -0.9239166534030796,
      "p05": -0.30529607241386675,
      "p95": 0.371397456031919,
      "std": 0.21163388478282952
    },
    "person1_contact_rate": {
      "count": 1098,
      "max": 0.17559523809523808,
      "mean": 0.1645094120573358,
      "median": 0.1647150997150997,
      "min": 0.14583333333333334,
      "p05": 0.16025641025641027,
      "p95": 0.16765873015873015,
      "std": 0.0024972073027903184
    },
    "person1_grf_negative_rate": {
      "count": 1098,
      "max": 0.24305555555555555,
      "mean": 0.19233386580575645,
      "median": 0.19159513459082422,
      "min": 0.15,
      "p05": 0.177765522875817,
      "p95": 0.20983859890109888,
      "std": 0.010069934575659802
    },
    "person1_mean_torque_bw": {
      "count": 1098,
      "max": 0.28223613864269037,
      "mean": 0.24792148687702995,
      "median": 0.2477563278292049,
      "min": 0.22288800275238688,
      "p05": 0.23601095588559248,
      "p95": 0.25933494538512347,
      "std": 0.007209597769136497
    },
    "person1_mean_vertical_grf": {
      "count": 1098,
      "max": 16.111341028021496,
      "mean": 12.039720189211772,
      "median": 11.940596605780058,
      "min": 9.14354865470821,
      "p05": 10.712977117262016,
      "p95": 13.790398566420167,
      "std": 0.9582718159246623
    },
    "person1_peak_vertical_grf": {
      "count": 1098,
      "max": 113.63079109191898,
      "mean": 96.50645500488834,
      "median": 97.17512569427488,
      "min": 68.62271690368652,
      "p05": 86.11934797286987,
      "p95": 104.96371473312375,
      "std": 5.983494948540298
    },
    "person1_torque_95th": {
      "count": 1098,
      "max": 403.5970582372535,
      "mean": 362.73423490534657,
      "median": 362.92531692498903,
      "min": 326.60235885357486,
      "p05": 342.90235062312274,
      "p95": 381.47521799154214,
      "std": 11.81386686352196
    },
    "person1_torque_smoothness": {
      "count": 1098,
      "max": 161.8850535594575,
      "mean": 108.18669385695848,
      "median": 107.5569704519327,
      "min": 60.48113048387017,
      "p05": 92.78042608664829,
      "p95": 125.47580005447736,
      "std": 10.042755824975192
    },
    "person1_torque_violation_rate": {
      "count": 1098,
      "max": 0.0,
      "mean": 0.0,
      "median": 0.0,
      "min": 0.0,
      "p05": 0.0,
      "p95": 0.0,
      "std": 0.0
    },
    "person2_contact_height_consistency": {
      "count": 1098,
      "max": 0.9036265198249306,
      "mean": 0.03643545862255083,
      "median": 0.03861515731391326,
      "min": -0.8953794548722583,
      "p05": -0.2996630920708257,
      "p95": 0.37435089627565926,
      "std": 0.20696662855890502
    },
    "person2_contact_rate": {
      "count": 1098,
      "max": 0.17592592592592593,
      "mean": 0.16456636201844516,
      "median": 0.16468253968253968,
      "min": 0.14583333333333334,
      "p05": 0.16049298096853212,
      "p95": 0.16765873015873015,
      "std": 0.002418709383741382
    },
    "person2_grf_negative_rate": {
      "count": 1098,
      "max": 0.24305555555555555,
      "mean": 0.19311104359185144,
      "median": 0.1921759838687248,
      "min": 0.1423611111111111,
      "p05": 0.17891179078014185,
      "p95": 0.21134800903119866,
      "std": 0.01020896275545343
    },
    "person2_mean_torque_bw": {
      "count": 1098,
      "max": 0.29715840541805766,
      "mean": 0.24745223511172393,
      "median": 0.24747903849818825,
      "min": 0.22200816337693177,
      "p05": 0.23492273153484527,
      "p95": 0.2596003830561641,
      "std": 0.007435480061878202
    },
    "person2_mean_vertical_grf": {
      "count": 1098,
      "max": 17.816234140111238,
      "mean": 12.116891037907296,
      "median": 12.015635931743866,
      "min": 6.686453318706707,
      "p05": 10.824850884858078,
      "p95": 13.813271283139315,
      "std": 0.9751556726423082
    },
    "person2_peak_vertical_grf": {
      "count": 1098,
      "max": 117.90814819335937,
      "mean": 96.85525109077409,
      "median": 97.56923923492431,
      "min": 45.72555370330807,
      "p05": 86.14000505447378,
      "p95": 105.5671512031555,
      "std": 6.120838175890536
    },
    "person2_torque_95th": {
      "count": 1098,
      "max": 439.2153397495288,
      "mean": 362.4049745388528,
      "median": 363.04801399551116,
      "min": 318.4371207322623,
      "p05": 340.15288775830044,
      "p95": 381.71286780375345,
      "std": 12.505593448604179
    },
    "person2_torque_smoothness": {
      "count": 1098,
      "max": 161.185573180808,
      "mean": 108.91682198878145,
      "median": 108.16115104490407,
      "min": 54.86209497062871,
      "p05": 94.15825475025186,
      "p95": 126.71829346376882,
      "std": 10.13020962983131
    },
    "person2_torque_violation_rate": {
      "count": 1098,
      "max": 0.0,
      "mean": 0.0,
      "median": 0.0,
      "min": 0.0,
      "p05": 0.0,
      "p95": 0.0,
      "std": 0.0
    }
  },
  "output_dir": "/media/rh/codes/sim/InterMask/data/imdy_metrics/generated_interhuman",
  "timestamp_utc": "2026-04-01T19:20:41.373561+00:00"
}