{
  "clips_failed": 4,
  "clips_requested": 7810,
  "clips_succeeded": 7806,
  "data_dir": "/media/rh/codes/sim/InterMask/data/retargeted_v2/interhuman",
  "dataset_layout": "retargeted",
  "dataset_type": "retargeted",
  "device": "cuda:0",
  "failures": [
    {
      "clip_id": "3945",
      "error": "Clip too short for window_len=6: T=0"
    },
    {
      "clip_id": "4106",
      "error": "Clip too short for window_len=6: T=0"
    },
    {
      "clip_id": "5521",
      "error": "Clip too short for window_len=6: T=6"
    },
    {
      "clip_id": "6078",
      "error": "Clip too short for window_len=6: T=6"
    }
  ],
  "imdy_checkpoint": "/media/rh/codes/sim/InterMask/prepare5/ImDy/downloaded_checkpoint/imdy_pretrain.pt",
  "imdy_config": "/media/rh/codes/sim/InterMask/prepare5/ImDy/config/IDFD_mkr.yml",
  "metrics": {
    "person1_contact_height_consistency": {
      "count": 7801,
      "max": 1.0,
      "mean": 0.18463234386945823,
      "median": 0.20722694013437412,
      "min": -1.0,
      "p05": -0.3424769546892394,
      "p95": 0.6243575106006519,
      "std": 0.29152175277864073
    },
    "person1_contact_rate": {
      "count": 7806,
      "max": 0.2626366120218579,
      "mean": 0.16156043636201295,
      "median": 0.16204313832285874,
      "min": 0.1111111111111111,
      "p05": 0.1483600608892665,
      "p95": 0.1709580672601846,
      "std": 0.009267579267621671
    },
    "person1_grf_negative_rate": {
      "count": 7806,
      "max": 0.3237847222222222,
      "mean": 0.21195491623245025,
      "median": 0.2050233644859813,
      "min": 0.10138888888888889,
      "p05": 0.15903445512820513,
      "p95": 0.2869817217914227,
      "std": 0.03850653601230019
    },
    "person1_mean_torque_bw": {
      "count": 7806,
      "max": 0.31562319735107464,
      "mean": 0.2591842444760451,
      "median": 0.2593907005083589,
      "min": 0.20371346873519708,
      "p05": 0.2378093419961396,
      "p95": 0.2796277536188171,
      "std": 0.012730361273807611
    },
    "person1_mean_vertical_grf": {
      "count": 7806,
      "max": 25.0820741388507,
      "mean": 13.138909440310895,
      "median": 12.196872825848349,
      "min": 3.3406891198093414,
      "p05": 7.886570168658238,
      "p95": 21.264238657437975,
      "std": 4.064373360864374
    },
    "person1_peak_vertical_grf": {
      "count": 7806,
      "max": 175.87250900268555,
      "mean": 99.03592858153854,
      "median": 93.75951404571529,
      "min": 28.464763736724898,
      "p05": 65.04883108139038,
      "p95": 149.50754947662338,
      "std": 25.588110295651543
    },
    "person1_torque_95th": {
      "count": 7806,
      "max": 489.49107596274183,
      "mean": 386.7242508338237,
      "median": 387.2952403732161,
      "min": 297.4057371923473,
      "p05": 339.8530347568202,
      "p95": 427.0760269287118,
      "std": 25.284118656457974
    },
    "person1_torque_smoothness": {
      "count": 7801,
      "max": 194.09234341462036,
      "mean": 85.82856966966827,
      "median": 83.01752260300427,
      "min": 5.588179293102336,
      "p05": 45.838221179742725,
      "p95": 133.13865743706134,
      "std": 27.094374306434595
    },
    "person1_torque_violation_rate": {
      "count": 7806,
      "max": 0.0,
      "mean": 0.0,
      "median": 0.0,
      "min": 0.0,
      "p05": 0.0,
      "p95": 0.0,
      "std": 0.0
    },
    "person2_contact_height_consistency": {
      "count": 7801,
      "max": 1.0,
      "mean": 0.18537986086831731,
      "median": 0.21367914592924145,
      "min": -1.0,
      "p05": -0.36295095089879553,
      "p95": 0.6203453633840347,
      "std": 0.29210682156245776
    },
    "person2_contact_rate": {
      "count": 7806,
      "max": 0.2528688524590164,
      "mean": 0.16130779046256896,
      "median": 0.16195170652050894,
      "min": 0.08333333333333333,
      "p05": 0.14842473447712418,
      "p95": 0.16954022988505746,
      "std": 0.00846345968110438
    },
    "person2_grf_negative_rate": {
      "count": 7806,
      "max": 0.33125,
      "mean": 0.21275893153360634,
      "median": 0.20687903984873474,
      "min": 0.09604018912529551,
      "p05": 0.15833333333333333,
      "p95": 0.2853249374678143,
      "std": 0.03833404135517392
    },
    "person2_mean_torque_bw": {
      "count": 7806,
      "max": 0.31831469354210024,
      "mean": 0.25925935011474516,
      "median": 0.2591666172604553,
      "min": 0.21067998207591662,
      "p05": 0.23786484771557648,
      "p95": 0.2797834134423593,
      "std": 0.01284065173638016
    },
    "person2_mean_vertical_grf": {
      "count": 7806,
      "max": 25.835515560246677,
      "mean": 13.14837401894168,
      "median": 12.330204697710279,
      "min": 4.117396566500358,
      "p05": 7.830314492743552,
      "p95": 21.190235023205446,
      "std": 4.036336330922803
    },
    "person2_peak_vertical_grf": {
      "count": 7806,
      "max": 177.28802566528316,
      "mean": 99.11339975930522,
      "median": 94.73066959381102,
      "min": 34.85715637154078,
      "p05": 64.81919898986817,
      "p95": 149.110258102417,
      "std": 25.37021321167108
    },
    "person2_torque_95th": {
      "count": 7806,
      "max": 492.3408547428252,
      "mean": 386.75207227066016,
      "median": 387.30118730814604,
      "min": 300.9101045987049,
      "p05": 341.28891915407667,
      "p95": 426.3431446574457,
      "std": 25.150621979187434
    },
    "person2_torque_smoothness": {
      "count": 7801,
      "max": 186.40439077063027,
      "mean": 86.43087831616123,
      "median": 84.09451696322733,
      "min": 11.935558757216132,
      "p05": 46.467525968965525,
      "p95": 132.47749131180154,
      "std": 26.683095457953733
    },
    "person2_torque_violation_rate": {
      "count": 7806,
      "max": 0.0,
      "mean": 0.0,
      "median": 0.0,
      "min": 0.0,
      "p05": 0.0,
      "p95": 0.0,
      "std": 0.0
    }
  },
  "output_dir": "/media/rh/codes/sim/InterMask/data/imdy_metrics/gt_interhuman",
  "timestamp_utc": "2026-04-01T19:22:50.514854+00:00"
}