{
  "clips_failed": 4,
  "clips_requested": 1177,
  "clips_succeeded": 1173,
  "data_dir": "/media/rh/codes/sim/InterMask/data/generated_intergen/interhuman",
  "dataset_layout": "positions_pkl",
  "dataset_type": "positions_pkl",
  "device": "cuda:0",
  "failures": [
    {
      "clip_id": "5521",
      "error": "Clip too short for window_len=6: T=4"
    },
    {
      "clip_id": "5637",
      "error": "Clip too short for window_len=6: T=6"
    },
    {
      "clip_id": "6641",
      "error": "Clip too short for window_len=6: T=4"
    },
    {
      "clip_id": "820",
      "error": "Clip too short for window_len=6: T=6"
    }
  ],
  "imdy_checkpoint": "/media/rh/codes/sim/InterMask/prepare5/ImDy/downloaded_checkpoint/imdy_pretrain.pt",
  "imdy_config": "/media/rh/codes/sim/InterMask/prepare5/ImDy/config/IDFD_mkr.yml",
  "metrics": {
    "person1_contact_height_consistency": {
      "count": 1173,
      "max": 1.0,
      "mean": 0.14894405202931135,
      "median": 0.15550776567072022,
      "min": -1.0,
      "p05": -0.3970268011189521,
      "p95": 0.6692060071302146,
      "std": 0.3262677898454143
    },
    "person1_contact_rate": {
      "count": 1173,
      "max": 0.23717948717948717,
      "mean": 0.16226157743577216,
      "median": 0.16263440860215053,
      "min": 0.125,
      "p05": 0.1527777777777778,
      "p95": 0.16916064671482628,
      "std": 0.007165168269567764
    },
    "person1_grf_negative_rate": {
      "count": 1173,
      "max": 0.3392857142857143,
      "mean": 0.2056635730633796,
      "median": 0.19696969696969696,
      "min": 0.125,
      "p05": 0.1639072039072039,
      "p95": 0.2805113636363634,
      "std": 0.03583603918327881
    },
    "person1_mean_torque_bw": {
      "count": 1173,
      "max": 0.3098821812977419,
      "mean": 0.25102106573940414,
      "median": 0.2510363027375926,
      "min": 0.20955669003722138,
      "p05": 0.2297854109463041,
      "p95": 0.2738060743566137,
      "std": 0.013485393151149735
    },
    "person1_mean_vertical_grf": {
      "count": 1173,
      "max": 27.055195081802108,
      "mean": 12.240226239167658,
      "median": 11.23771867138865,
      "min": 3.5867811320243437,
      "p05": 8.440834131301594,
      "p95": 19.12021608273937,
      "std": 3.4355382940299384
    },
    "person1_peak_vertical_grf": {
      "count": 1173,
      "max": 182.19126434326174,
      "mean": 93.32966400920479,
      "median": 88.93436050415039,
      "min": 25.8808162689209,
      "p05": 67.78658027648926,
      "p95": 138.15771453857414,
      "std": 21.083339465713774
    },
    "person1_torque_95th": {
      "count": 1173,
      "max": 434.2587855253502,
      "mean": 365.9657807475557,
      "median": 367.48495190602995,
      "min": 302.7413729818936,
      "p05": 327.52983540118976,
      "p95": 401.14988604032135,
      "std": 22.039693957882545
    },
    "person1_torque_smoothness": {
      "count": 1173,
      "max": 205.07975333288059,
      "mean": 73.8074046293256,
      "median": 72.02424486590014,
      "min": 21.70372991920539,
      "p05": 47.82604414837536,
      "p95": 105.84380152958373,
      "std": 18.18186288123122
    },
    "person1_torque_violation_rate": {
      "count": 1173,
      "max": 0.0,
      "mean": 0.0,
      "median": 0.0,
      "min": 0.0,
      "p05": 0.0,
      "p95": 0.0,
      "std": 0.0
    },
    "person2_contact_height_consistency": {
      "count": 1173,
      "max": 1.0,
      "mean": 0.13434294367005387,
      "median": 0.1514282938866478,
      "min": -1.0,
      "p05": -0.5033958451181545,
      "p95": 0.6460617854084089,
      "std": 0.3333799050188992
    },
    "person2_contact_rate": {
      "count": 1173,
      "max": 0.21875,
      "mean": 0.16196884543731158,
      "median": 0.1627710027100271,
      "min": 0.08333333333333333,
      "p05": 0.15132718159033948,
      "p95": 0.1676930894308943,
      "std": 0.007100975413587519
    },
    "person2_grf_negative_rate": {
      "count": 1173,
      "max": 0.32965686274509803,
      "mean": 0.20629314085642414,
      "median": 0.19569444444444445,
      "min": 0.125,
      "p05": 0.16066292356185974,
      "p95": 0.2902694295054308,
      "std": 0.038066204937388305
    },
    "person2_mean_torque_bw": {
      "count": 1173,
      "max": 0.3157596319941125,
      "mean": 0.252153149161307,
      "median": 0.25208013266938356,
      "min": 0.2112658428755636,
      "p05": 0.22981849509002555,
      "p95": 0.2755084412196091,
      "std": 0.013861886679372127
    },
    "person2_mean_vertical_grf": {
      "count": 1173,
      "max": 25.12619122125538,
      "mean": 12.322397745488347,
      "median": 11.291106158723528,
      "min": 4.778598928998555,
      "p05": 8.258898603063436,
      "p95": 20.09534389182785,
      "std": 3.5700132406726484
    },
    "person2_peak_vertical_grf": {
      "count": 1173,
      "max": 173.87091140747063,
      "mean": 93.8551123948353,
      "median": 88.55643081665039,
      "min": 47.74674873352052,
      "p05": 66.464305114746,
      "p95": 144.4227201843261,
      "std": 22.23911884039793
    },
    "person2_torque_95th": {
      "count": 1173,
      "max": 473.4641515847526,
      "mean": 368.1600436399835,
      "median": 370.47353140556396,
      "min": 301.96016564485313,
      "p05": 326.119492912049,
      "p95": 403.42753999809935,
      "std": 22.787059543048763
    },
    "person2_torque_smoothness": {
      "count": 1173,
      "max": 155.7152037616565,
      "mean": 73.53052603993274,
      "median": 71.93908556408452,
      "min": 16.822472164731973,
      "p05": 48.51353770204428,
      "p95": 104.40604246026516,
      "std": 17.56173634611441
    },
    "person2_torque_violation_rate": {
      "count": 1173,
      "max": 0.0,
      "mean": 0.0,
      "median": 0.0,
      "min": 0.0,
      "p05": 0.0,
      "p95": 0.0,
      "std": 0.0
    }
  },
  "output_dir": "/media/rh/codes/sim/InterMask/data/imdy_metrics/generated_intergen_interhuman",
  "timestamp_utc": "2026-04-01T19:30:11.897650+00:00"
}