{
  "clips_failed": 0,
  "clips_requested": 1706,
  "clips_succeeded": 1706,
  "data_dir": "/media/rh/codes/sim/InterMask/data/retargeted_v2/generated_interx",
  "dataset_layout": "retargeted",
  "dataset_type": "retargeted",
  "device": "cuda:1",
  "failures": [],
  "imdy_checkpoint": "/media/rh/codes/sim/InterMask/prepare5/ImDy/downloaded_checkpoint/imdy_pretrain.pt",
  "imdy_config": "/media/rh/codes/sim/InterMask/prepare5/ImDy/config/IDFD_mkr.yml",
  "metrics": {
    "person1_contact_height_consistency": {
      "count": 1706,
      "max": 0.788878314963168,
      "mean": -0.01141177970173353,
      "median": -0.012785695025245264,
      "min": -0.9337490118888081,
      "p05": -0.43274949636480003,
      "p95": 0.3944005979659576,
      "std": 0.25651072123506297
    },
    "person1_contact_rate": {
      "count": 1706,
      "max": 0.272593896713615,
      "mean": 0.16250777578908673,
      "median": 0.15809859918466476,
      "min": 0.12083333333333333,
      "p05": 0.14113849765258216,
      "p95": 0.20026408450704225,
      "std": 0.019194428097989387
    },
    "person1_grf_negative_rate": {
      "count": 1706,
      "max": 0.2047348484848485,
      "mean": 0.14357872118555906,
      "median": 0.1437793427230047,
      "min": 0.07834507042253522,
      "p05": 0.10640404929577466,
      "p95": 0.17613482384823848,
      "std": 0.020290462824543064
    },
    "person1_mean_torque_bw": {
      "count": 1706,
      "max": 0.30002461512386186,
      "mean": 0.25880465604108255,
      "median": 0.2586814965950476,
      "min": 0.2166436702528957,
      "p05": 0.23700483599224062,
      "p95": 0.28257108164404865,
      "std": 0.014096471650823351
    },
    "person1_mean_vertical_grf": {
      "count": 1706,
      "max": 21.889066569637414,
      "mean": 7.365543465493647,
      "median": 7.145441042794188,
      "min": 3.446164703202567,
      "p05": 4.965019808047054,
      "p95": 10.125035225450487,
      "std": 1.8575808857020095
    },
    "person1_peak_vertical_grf": {
      "count": 1706,
      "max": 114.25496139526366,
      "mean": 60.553939529320516,
      "median": 59.85070657730101,
      "min": 31.808472251892006,
      "p05": 43.665649700164764,
      "p95": 79.2896195411682,
      "std": 11.29042915708181
    },
    "person1_torque_95th": {
      "count": 1706,
      "max": 441.38616831518925,
      "mean": 380.7727308212109,
      "median": 381.8840446119201,
      "min": 310.88077361303124,
      "p05": 339.36001929084125,
      "p95": 417.68265570845136,
      "std": 23.983857374906126
    },
    "person1_torque_smoothness": {
      "count": 1706,
      "max": 74.90525839758011,
      "mean": 35.231376105480976,
      "median": 34.69337717594426,
      "min": 8.365729248618562,
      "p05": 19.74738760059269,
      "p95": 53.4635966752329,
      "std": 10.305619417010385
    },
    "person1_torque_violation_rate": {
      "count": 1706,
      "max": 0.0,
      "mean": 0.0,
      "median": 0.0,
      "min": 0.0,
      "p05": 0.0,
      "p95": 0.0,
      "std": 0.0
    },
    "person2_contact_height_consistency": {
      "count": 1706,
      "max": 0.8630656479370825,
      "mean": -0.013377620648831403,
      "median": -0.018129011676309162,
      "min": -0.9243443944871053,
      "p05": -0.4611149440928485,
      "p95": 0.4452477406934879,
      "std": 0.2739331888411226
    },
    "person2_contact_rate": {
      "count": 1706,
      "max": 0.2676056338028169,
      "mean": 0.16285339559803644,
      "median": 0.15833333333333333,
      "min": 0.12206572769953052,
      "p05": 0.14108187134502925,
      "p95": 0.2007042253521127,
      "std": 0.01899225552028685
    },
    "person2_grf_negative_rate": {
      "count": 1706,
      "max": 0.20376461988304093,
      "mean": 0.14319484530957427,
      "median": 0.14384285601390864,
      "min": 0.07570422535211267,
      "p05": 0.10752379092907555,
      "p95": 0.17468932400710568,
      "std": 0.02016857561844815
    },
    "person2_mean_torque_bw": {
      "count": 1706,
      "max": 0.30051148547599077,
      "mean": 0.25887243757123385,
      "median": 0.2584734587965909,
      "min": 0.21389870875818812,
      "p05": 0.23633655670564455,
      "p95": 0.2817564816647653,
      "std": 0.013750824980399623
    },
    "person2_mean_vertical_grf": {
      "count": 1706,
      "max": 21.29292126617398,
      "mean": 7.3125967246533845,
      "median": 7.074961095902756,
      "min": 3.4688575824391856,
      "p05": 4.966903706382961,
      "p95": 10.225378451267385,
      "std": 1.7961335449800446
    },
    "person2_peak_vertical_grf": {
      "count": 1706,
      "max": 111.25434455871581,
      "mean": 60.21378863553784,
      "median": 59.195989513397166,
      "min": 27.825179195404036,
      "p05": 43.90448002815245,
      "p95": 79.93056154251096,
      "std": 11.321945246089355
    },
    "person2_torque_95th": {
      "count": 1706,
      "max": 444.883383856312,
      "mean": 381.39697444584465,
      "median": 383.2124125192595,
      "min": 304.1182323187089,
      "p05": 339.28029076850976,
      "p95": 417.23571184600144,
      "std": 23.53291915962964
    },
    "person2_torque_smoothness": {
      "count": 1706,
      "max": 77.68984809352978,
      "mean": 34.462390420199654,
      "median": 34.050572616103395,
      "min": 8.170265211818005,
      "p05": 17.788413174592165,
      "p95": 52.591358271499764,
      "std": 10.452089737955607
    },
    "person2_torque_violation_rate": {
      "count": 1706,
      "max": 0.0,
      "mean": 0.0,
      "median": 0.0,
      "min": 0.0,
      "p05": 0.0,
      "p95": 0.0,
      "std": 0.0
    }
  },
  "output_dir": "/media/rh/codes/sim/InterMask/data/imdy_metrics/generated_interx",
  "timestamp_utc": "2026-04-01T19:20:46.822252+00:00"
}