{
  "clips_failed": 1,
  "clips_requested": 11388,
  "clips_succeeded": 11387,
  "data_dir": "/media/rh/codes/sim/InterMask/data/retargeted_v2/interx",
  "dataset_layout": "retargeted",
  "dataset_type": "retargeted",
  "device": "cuda:1",
  "failures": [
    {
      "clip_id": "G021T003A016R007",
      "error": "Clip too short for window_len=6: T=3"
    }
  ],
  "imdy_checkpoint": "/media/rh/codes/sim/InterMask/prepare5/ImDy/downloaded_checkpoint/imdy_pretrain.pt",
  "imdy_config": "/media/rh/codes/sim/InterMask/prepare5/ImDy/config/IDFD_mkr.yml",
  "metrics": {
    "person1_contact_height_consistency": {
      "count": 11387,
      "max": 0.8257456941550743,
      "mean": 0.02172803194253412,
      "median": 0.024908924891614382,
      "min": -0.897684706380238,
      "p05": -0.34543050949056475,
      "p95": 0.38503216368745946,
      "std": 0.21968028094377612
    },
    "person1_contact_rate": {
      "count": 11387,
      "max": 0.2916666666666667,
      "mean": 0.16846885352837285,
      "median": 0.16013513513513514,
      "min": 0.11284722222222222,
      "p05": 0.14174290124328243,
      "p95": 0.22056143799866637,
      "std": 0.025250709215412767
    },
    "person1_grf_negative_rate": {
      "count": 11387,
      "max": 0.2064814814814815,
      "mean": 0.1447689316253406,
      "median": 0.14492258652094717,
      "min": 0.06967213114754098,
      "p05": 0.11746673685671974,
      "p95": 0.17197210168220292,
      "std": 0.01665941110054497
    },
    "person1_mean_torque_bw": {
      "count": 11387,
      "max": 0.3015746062991438,
      "mean": 0.26218336353000954,
      "median": 0.26221382089461875,
      "min": 0.22553089257872577,
      "p05": 0.24493468592661422,
      "p95": 0.27911775583088844,
      "std": 0.010437784337156223
    },
    "person1_mean_vertical_grf": {
      "count": 11387,
      "max": 25.075464764425,
      "mean": 8.653996150834406,
      "median": 7.969262817051802,
      "min": 3.4851512317230533,
      "p05": 5.763461025727479,
      "p95": 14.053983351382067,
      "std": 2.666956314680109
    },
    "person1_peak_vertical_grf": {
      "count": 11387,
      "max": 137.3357643127441,
      "mean": 69.16414784122999,
      "median": 65.50492134094237,
      "min": 30.31391716003418,
      "p05": 49.90759719848629,
      "p95": 101.33550407409659,
      "std": 15.20552456792837
    },
    "person1_torque_95th": {
      "count": 11387,
      "max": 448.3777607420623,
      "mean": 388.3234043908795,
      "median": 389.6893835783295,
      "min": 290.3727001292036,
      "p05": 356.7963105666112,
      "p95": 414.87548068665905,
      "std": 17.925300288977
    },
    "person1_torque_smoothness": {
      "count": 11387,
      "max": 108.51683575423127,
      "mean": 51.508072997332256,
      "median": 50.64083118518859,
      "min": 10.976203405487995,
      "p05": 32.85107756449937,
      "p95": 72.56333544115303,
      "std": 12.074407826789937
    },
    "person1_torque_violation_rate": {
      "count": 11387,
      "max": 0.0,
      "mean": 0.0,
      "median": 0.0,
      "min": 0.0,
      "p05": 0.0,
      "p95": 0.0,
      "std": 0.0
    },
    "person2_contact_height_consistency": {
      "count": 11387,
      "max": 0.8953769555545283,
      "mean": 0.018231849298093045,
      "median": 0.026599309070606824,
      "min": -0.7355302161922844,
      "p05": -0.360150131467952,
      "p95": 0.3775324467395181,
      "std": 0.22307379621668508
    },
    "person2_contact_rate": {
      "count": 11387,
      "max": 0.29106714628297364,
      "mean": 0.16776646039764742,
      "median": 0.16006600660066006,
      "min": 0.11783854166666667,
      "p05": 0.14210019267822735,
      "p95": 0.2168826754385965,
      "std": 0.023722768976851653
    },
    "person2_grf_negative_rate": {
      "count": 11387,
      "max": 0.23656462585034013,
      "mean": 0.14551138531821936,
      "median": 0.145985401459854,
      "min": 0.07042253521126761,
      "p05": 0.11399454114624856,
      "p95": 0.17449589067278284,
      "std": 0.018091673598081236
    },
    "person2_mean_torque_bw": {
      "count": 11387,
      "max": 0.29960708168887784,
      "mean": 0.26155826984207786,
      "median": 0.26140606623524615,
      "min": 0.22209877931675137,
      "p05": 0.24387454528993174,
      "p95": 0.2793867390179656,
      "std": 0.01082635821041963
    },
    "person2_mean_vertical_grf": {
      "count": 11387,
      "max": 24.986571066129528,
      "mean": 8.534685197281485,
      "median": 7.965626365848767,
      "min": 3.5775121671435772,
      "p05": 5.759699414530899,
      "p95": 13.690297588039506,
      "std": 2.492780722410682
    },
    "person2_peak_vertical_grf": {
      "count": 11387,
      "max": 158.82948684692374,
      "mean": 68.74698293094124,
      "median": 65.4559154510498,
      "min": 30.976355075836036,
      "p05": 49.166667118072546,
      "p95": 101.38997879028317,
      "std": 15.574546872148847
    },
    "person2_torque_95th": {
      "count": 11387,
      "max": 444.0289623611258,
      "mean": 386.98338761178024,
      "median": 388.26533117222175,
      "min": 304.11260998042496,
      "p05": 354.8845327314048,
      "p95": 415.2246983771889,
      "std": 18.534576285172854
    },
    "person2_torque_smoothness": {
      "count": 11387,
      "max": 117.23482264073097,
      "mean": 50.73019004042862,
      "median": 49.955566601057306,
      "min": 14.621329873212634,
      "p05": 32.29160167670696,
      "p95": 71.59540623404911,
      "std": 12.094369171040173
    },
    "person2_torque_violation_rate": {
      "count": 11387,
      "max": 0.0,
      "mean": 0.0,
      "median": 0.0,
      "min": 0.0,
      "p05": 0.0,
      "p95": 0.0,
      "std": 0.0
    }
  },
  "output_dir": "/media/rh/codes/sim/InterMask/data/imdy_metrics/gt_interx",
  "timestamp_utc": "2026-04-01T19:22:52.026956+00:00"
}